win,tau_us,N,distinct,threshold,n_hh
0,1543813260309033,8392144,1249585,83922,6
1,1543813270309033,8397632,1249560,83977,7
2,1543813280309033,8406585,1246675,84066,9
3,1543813290309033,8356687,1234201,83567,8
4,1543813300309033,8308913,1221538,83090,8
5,1543813310309033,8505489,1232434,85055,8
6,1543813320309033,8561890,1232765,85619,9
7,1543813330309033,8662598,1232495,86626,9
8,1543813340309033,8631929,1232387,86320,10
9,1543813350309033,8635328,1232516,86354,11
10,1543813360309033,8660000,1232784,86600,12
11,1543813370309033,8522720,1220625,85228,8
12,1543813380309033,8511020,1220877,85111,8
13,1543813390309033,8505925,1222188,85060,10
14,1543813400309033,8600161,1223997,86002,11
15,1543813410309033,8660487,1227377,86605,9
16,1543813420309033,8634001,1232091,86341,8
17,1543813430309033,8672194,1237301,86722,10
18,1543813440309033,8660224,1242089,86603,10
19,1543813450309033,8542364,1246255,85424,9
20,1543813460309033,8431634,1249867,84317,9
21,1543813470309033,8308927,1252534,83090,9
22,1543813480309033,8242696,1251421,82427,9
23,1543813490309033,8204007,1250870,82041,9
24,1543813500309033,8158446,1249721,81585,9
25,1543813510309033,8134876,1249382,81349,7
26,1543813520309033,8082160,1251763,80822,7
27,1543813530309033,8054059,1249988,80541,9
28,1543813540309033,8066537,1248098,80666,10
29,1543813550309033,8073163,1245799,80732,9
30,1543813560309033,8093844,1244193,80939,10
31,1543813570309033,8177721,1243295,81778,9
32,1543813580309033,8229512,1238900,82296,9
33,1543813590309033,8264349,1237926,82644,8
34,1543813600309033,8253685,1234681,82537,9
35,1543813610309033,8209604,1234221,82097,10
36,1543813620309033,8176036,1232773,81761,10
37,1543813630309033,8135455,1230781,81355,12
38,1543813640309033,8115758,1229308,81158,12
39,1543813650309033,8151816,1227939,81519,12
40,1543813660309033,8131359,1228534,81314,13
41,1543813670309033,8157028,1229699,81571,13
42,1543813680309033,8171124,1230705,81712,13
43,1543813690309033,8129099,1231420,81291,13
44,1543813700309033,8102409,1231313,81025,14
45,1543813710309033,8020301,1230590,80204,12
46,1543813720309033,8069099,1247104,80691,12
47,1543813730309033,8024260,1245818,80243,12
48,1543813740309033,8008212,1247080,80083,13
49,1543813750309033,8055878,1248378,80559,10
50,1543813760309033,8092643,1248903,80927,11
51,1543813770309033,8113477,1249560,81135,11
52,1543813780309033,8069888,1235252,80699,10
53,1543813790309033,8153440,1237765,81535,9
54,1543813800309033,8218233,1240209,82183,9
55,1543813810309033,8349099,1238892,83491,8
56,1543813820309033,8495488,1243392,84955,8
57,1543813830309033,8596846,1242997,85969,8
58,1543813840309033,8728519,1240338,87286,8
59,1543813850309033,8769964,1237346,87700,8
60,1543813860309033,8765876,1234500,87659,7
61,1543813870309033,8585005,1235851,85851,8
62,1543813880309033,8423531,1235675,84236,10
63,1543813890309033,8296155,1243069,82962,10
64,1543813900309033,8054609,1246522,80547,10
65,1543813910309033,7640055,1246716,76401,10
66,1543813920309033,7448771,1296178,74488,10
67,1543813930309033,7470690,1315369,74707,11
68,1543813940309033,7509305,1319692,75094,9
69,1543813950309033,7565545,1313421,75656,9
70,1543813960309033,7764024,1316919,77641,9
71,1543813970309033,8059457,1316229,80595,10
72,1543813980309033,8119716,1265351,81198,11
73,1543813990309033,8113645,1243940,81137,10
74,1543814000309033,8096925,1260474,80970,10
75,1543814010309033,8017487,1257945,80175,10
76,1543814020309033,7925262,1251424,79253,8
77,1543814030309033,7921757,1251417,79218,9
78,1543814040309033,7907980,1250204,79080,10
79,1543814050309033,7874969,1250463,78750,8
80,1543814060309033,7831394,1228620,78314,8
81,1543814070309033,7855243,1230636,78553,8
82,1543814080309033,7963123,1241231,79632,11
83,1543814090309033,8045568,1252391,80456,10
