win,N
0,8392144
1,8397632
2,8406585
3,8356687
4,8308913
5,8505489
6,8561890
7,8662598
8,8631929
9,8635328
10,8660000
11,8522720
12,8511020
13,8505925
14,8600161
15,8660487
16,8634001
17,8672194
18,8660224
19,8542364
20,8431634
21,8308927
22,8242696
23,8204007
24,8158446
25,8214876
26,8242160
27,8294059
28,8306537
29,8313163
30,8333844
31,8337721
32,8309512
33,8264349
34,8253685
35,8209604
36,8176036
37,8135455
38,8115758
39,8151816
40,8131359
41,8157028
42,8171124
43,8129099
44,8102409
45,8020301
46,8069099
47,8024260
48,8008212
49,8055878
50,8092643
51,8113477
52,8069888
53,8153440
54,8218233
55,8349099
56,8495488
57,8596846
58,8728519
59,8769964
60,8765876
61,8585005
62,8423531
63,8296155
64,8054609
65,7640055
66,7448771
67,7470690
68,7509305
69,7565545
70,7764024
71,8059457
72,8119716
73,8113645
74,8096925
75,8017487
76,7925262
77,7921757
78,7907980
79,7874969
80,7831394
81,7855243
82,7963123
83,8045568
