ataque,w,tipo,win,t_rel_s,exacto,CS,CMS_mediana,errabs_CS,errabs_CMSmed
ddos,256,incremento,25,310.0,100008,99947,100001,61,7
ddos,256,incremento,26,320.0,100003,99848,99844,155,159
ddos,256,incremento,27,330.0,99967,99878,99972,89,5
ddos,256,decremento,31,370.0,-100007,-100192,-100146,185,139
ddos,256,decremento,32,380.0,-100003,-99998,-101242,5,1239
ddos,256,decremento,33,390.0,-100001,-99935,-99861,66,140
ddos,1024,incremento,25,310.0,100008,100005,100024,3,16
ddos,1024,incremento,26,320.0,100003,99933,100039,70,36
ddos,1024,incremento,27,330.0,99967,99949,100000,18,33
ddos,1024,decremento,31,370.0,-100007,-100001,-100020,6,13
ddos,1024,decremento,32,380.0,-100003,-99991,-100033,12,30
ddos,1024,decremento,33,390.0,-100001,-100011,-100034,10,33
ddos,4096,incremento,25,310.0,100008,100019,100011,11,3
ddos,4096,incremento,26,320.0,100003,99984,100014,19,11
ddos,4096,incremento,27,330.0,99967,99967,99976,0,9
ddos,4096,decremento,31,370.0,-100007,-100014,-100009,7,2
ddos,4096,decremento,32,380.0,-100003,-99995,-100003,8,0
ddos,4096,decremento,33,390.0,-100001,-99992,-100017,9,16
scan,256,incremento,25,310.0,80000,80221,79757,221,243
scan,256,incremento,26,320.0,80000,80747,79764,747,236
scan,256,incremento,27,330.0,80000,79935,79405,65,595
scan,256,decremento,31,370.0,-80000,-82242,-79445,2242,555
scan,256,decremento,32,380.0,-80000,-80053,-78617,53,1383
scan,256,decremento,33,390.0,-80000,-80249,-79719,249,281
scan,1024,incremento,25,310.0,80000,80025,79988,25,12
scan,1024,incremento,26,320.0,80000,80007,80021,7,21
scan,1024,incremento,27,330.0,80000,80055,79961,55,39
scan,1024,decremento,31,370.0,-80000,-79968,-79977,32,23
scan,1024,decremento,32,380.0,-80000,-79785,-80007,215,7
scan,1024,decremento,33,390.0,-80000,-80050,-79888,50,112
scan,4096,incremento,25,310.0,80000,79975,79985,25,15
scan,4096,incremento,26,320.0,80000,80004,79978,4,22
scan,4096,incremento,27,330.0,80000,80003,79982,3,18
scan,4096,decremento,31,370.0,-80000,-79983,-80007,17,7
scan,4096,decremento,32,380.0,-80000,-79976,-79992,24,8
scan,4096,decremento,33,390.0,-80000,-79999,-79991,1,9
