ataque,w,sketch,win,t_rel_s,exacto,estimado,err_rel_pct
ddos,256,CMS,25,310.0,100051,108087,8.03
ddos,256,CMS,26,320.0,200054,207925,3.93
ddos,256,CMS,27,330.0,300021,307710,2.56
ddos,256,CMS,28,340.0,300021,307721,2.57
ddos,256,CMS,29,350.0,300018,307368,2.45
ddos,256,CMS,30,360.0,300018,307483,2.49
ddos,256,CMS,31,370.0,200011,207293,3.64
ddos,256,CMS,32,380.0,100008,107175,7.17
ddos,256,CS,25,310.0,100051,100049,-0.0
ddos,256,CS,26,320.0,200054,199897,-0.08
ddos,256,CS,27,330.0,300021,299756,-0.09
ddos,256,CS,28,340.0,300021,299938,-0.03
ddos,256,CS,29,350.0,300018,300050,0.01
ddos,256,CS,30,360.0,300018,300591,0.19
ddos,256,CS,31,370.0,200011,200621,0.3
ddos,256,CS,32,380.0,100008,100623,0.61
ddos,1024,CMS,25,310.0,100051,101407,1.36
ddos,1024,CMS,26,320.0,200054,201446,0.7
ddos,1024,CMS,27,330.0,300021,301434,0.47
ddos,1024,CMS,28,340.0,300021,301462,0.48
ddos,1024,CMS,29,350.0,300018,301440,0.47
ddos,1024,CMS,30,360.0,300018,301518,0.5
ddos,1024,CMS,31,370.0,200011,201502,0.75
ddos,1024,CMS,32,380.0,100008,101489,1.48
ddos,1024,CS,25,310.0,100051,99533,-0.52
ddos,1024,CS,26,320.0,200054,199528,-0.26
ddos,1024,CS,27,330.0,300021,299470,-0.18
ddos,1024,CS,28,340.0,300021,299576,-0.15
ddos,1024,CS,29,350.0,300018,299853,-0.05
ddos,1024,CS,30,360.0,300018,299832,-0.06
ddos,1024,CS,31,370.0,200011,199848,-0.08
ddos,1024,CS,32,380.0,100008,99841,-0.17
ddos,4096,CMS,25,310.0,100051,100383,0.33
ddos,4096,CMS,26,320.0,200054,200385,0.17
ddos,4096,CMS,27,330.0,300021,300361,0.11
ddos,4096,CMS,28,340.0,300021,300367,0.12
ddos,4096,CMS,29,350.0,300018,300350,0.11
ddos,4096,CMS,30,360.0,300018,300341,0.11
ddos,4096,CMS,31,370.0,200011,200332,0.16
ddos,4096,CMS,32,380.0,100008,100339,0.33
ddos,4096,CS,25,310.0,100051,100023,-0.03
ddos,4096,CS,26,320.0,200054,200033,-0.01
ddos,4096,CS,27,330.0,300021,300009,-0.0
ddos,4096,CS,28,340.0,300021,299983,-0.01
ddos,4096,CS,29,350.0,300018,299979,-0.01
ddos,4096,CS,30,360.0,300018,299992,-0.01
ddos,4096,CS,31,370.0,200011,199978,-0.02
ddos,4096,CS,32,380.0,100008,99979,-0.03
scan,256,CMS,25,310.0,80000,84791,5.99
scan,256,CMS,26,320.0,160000,165664,3.54
scan,256,CMS,27,330.0,240000,245069,2.11
scan,256,CMS,28,340.0,240000,245014,2.09
scan,256,CMS,29,350.0,240000,245100,2.12
scan,256,CMS,30,360.0,240000,245069,2.11
scan,256,CMS,31,370.0,160000,165624,3.52
scan,256,CMS,32,380.0,80000,87007,8.76
scan,256,CS,25,310.0,80000,80325,0.41
scan,256,CS,26,320.0,160000,161882,1.18
scan,256,CS,27,330.0,240000,241817,0.76
scan,256,CS,28,340.0,240000,241500,0.62
scan,256,CS,29,350.0,240000,238297,-0.71
scan,256,CS,30,360.0,240000,238951,-0.44
scan,256,CS,31,370.0,160000,159204,-0.5
scan,256,CS,32,380.0,80000,80688,0.86
scan,1024,CMS,25,310.0,80000,80625,0.78
scan,1024,CMS,26,320.0,160000,160630,0.39
scan,1024,CMS,27,330.0,240000,240634,0.26
scan,1024,CMS,28,340.0,240000,240679,0.28
scan,1024,CMS,29,350.0,240000,240679,0.28
scan,1024,CMS,30,360.0,240000,240824,0.34
scan,1024,CMS,31,370.0,160000,161017,0.64
scan,1024,CMS,32,380.0,80000,81040,1.3
scan,1024,CS,25,310.0,80000,80089,0.11
scan,1024,CS,26,320.0,160000,159624,-0.23
scan,1024,CS,27,330.0,240000,239579,-0.18
scan,1024,CS,28,340.0,240000,239653,-0.14
scan,1024,CS,29,350.0,240000,239645,-0.15
scan,1024,CS,30,360.0,240000,239612,-0.16
scan,1024,CS,31,370.0,160000,159597,-0.25
scan,1024,CS,32,380.0,80000,79574,-0.53
scan,4096,CMS,25,310.0,80000,80102,0.13
scan,4096,CMS,26,320.0,160000,160112,0.07
scan,4096,CMS,27,330.0,240000,240119,0.05
scan,4096,CMS,28,340.0,240000,240129,0.05
scan,4096,CMS,29,350.0,240000,240132,0.06
scan,4096,CMS,30,360.0,240000,240152,0.06
scan,4096,CMS,31,370.0,160000,160175,0.11
scan,4096,CMS,32,380.0,80000,80142,0.18
scan,4096,CS,25,310.0,80000,80022,0.03
scan,4096,CS,26,320.0,160000,160026,0.02
scan,4096,CS,27,330.0,240000,240029,0.01
scan,4096,CS,28,340.0,240000,240033,0.01
scan,4096,CS,29,350.0,240000,240032,0.01
scan,4096,CS,30,360.0,240000,240030,0.01
scan,4096,CS,31,370.0,160000,160065,0.04
scan,4096,CS,32,380.0,80000,80022,0.03
