rank,freq
1,15526089
2,3478285
3,3010663
4,2147443
5,2070351
6,1691339
7,1647513
8,1589856
9,1550834
10,1382610
11,1236825
12,1236748
13,1212099
14,1024995
15,992879
16,813707
17,813160
18,787712
19,650326
20,647892
21,636082
22,596250
23,589240
24,581724
25,568719
26,556439
27,542851
28,496410
29,474443
30,471518
31,468917
32,466213
33,444654
34,442856
35,436925
36,424059
37,421329
38,404757
39,403684
40,393904
41,382406
42,376877
43,373373
44,369379
45,369010
46,362287
47,357259
48,355888
49,353861
50,353853
52,338347
54,323100
56,317778
58,312044
60,292957
62,284099
64,272478
66,269732
68,267903
70,263007
72,257528
74,253133
76,245061
78,232530
80,230865
82,217755
84,216197
86,210081
88,208729
90,206032
92,201828
94,201460
96,197775
98,189104
100,188212
103,183955
106,181922
109,178043
112,176579
115,173886
118,169407
121,167660
124,166848
127,158988
130,156914
133,151883
136,150970
139,146885
142,144948
145,142528
148,137975
151,135733
155,131819
159,129556
163,126847
167,121846
171,119397
175,116551
179,113277
183,110483
187,106370
191,102782
195,101068
199,100359
203,97942
208,96157
213,93065
218,88442
223,85929
228,84637
233,82299
238,79736
243,77657
248,76891
253,73807
259,72371
265,70989
271,69277
277,66527
283,65351
289,63966
295,62650
301,60661
308,59027
315,57148
322,56361
329,53216
336,51444
343,50807
350,49614
358,48317
366,46095
374,44002
382,42901
390,41519
398,39644
406,37744
415,36483
424,36123
433,35510
442,33900
451,32729
461,32027
471,31076
481,30332
491,29560
501,28457
512,27431
523,26769
534,25582
545,24508
556,24071
568,22506
580,21691
592,20969
604,20257
617,19230
630,18503
643,17907
656,17510
670,16817
684,16196
698,15529
712,14622
727,14221
742,13842
757,13226
773,12696
789,12226
805,11917
822,11673
839,11263
856,10766
874,10310
892,10073
910,9582
929,9214
948,8941
967,8461
987,8185
1007,7892
1028,7623
1049,7396
1070,7069
1092,6871
1114,6661
1137,6447
1160,6215
1184,5946
1208,5794
1233,5552
1258,5339
1284,5116
1310,4963
1337,4766
1364,4579
1392,4391
1420,4216
1449,4063
1478,3888
1508,3788
1539,3651
1570,3542
1602,3401
1635,3312
1668,3209
1702,3127
1737,3010
1772,2909
1808,2820
1845,2718
1882,2640
1920,2566
1959,2477
1999,2389
2039,2322
2080,2246
2122,2190
2165,2135
2209,2062
2254,1997
2300,1925
2347,1857
2394,1799
2442,1748
2491,1699
2541,1638
2592,1589
2644,1540
2697,1487
2751,1434
2807,1378
2864,1342
2922,1303
2981,1258
3041,1218
3102,1183
3165,1149
3229,1125
3294,1094
3360,1063
3428,1034
3497,1006
3567,984
3639,964
3712,943
3787,920
3863,904
3941,881
4020,859
4101,831
4184,802
4268,773
4354,747
4442,718
4531,692
4622,668
4715,645
4810,623
4907,603
5006,585
5107,568
5210,554
5315,536
5422,517
5531,501
5642,484
5755,469
5871,454
5989,439
6109,423
6232,407
6357,395
6485,380
6615,367
6748,354
6883,343
7021,329
7162,316
7306,305
7453,294
7603,283
7756,272
7912,263
8071,253
8233,244
8398,235
8566,227
8738,219
8913,212
9092,204
9274,197
9460,190
9650,184
9844,179
10041,174
10242,168
10447,162
10656,158
10870,154
11088,150
11310,145
11537,141
11768,136
12004,131
12245,127
12490,123
12740,119
12995,115
13255,111
13521,108
13792,104
14068,101
14350,98
14638,95
14931,91
15230,88
15535,85
15846,82
16163,79
16487,77
16817,74
17154,71
17498,69
17848,67
18205,65
18570,63
18942,61
19321,59
19708,57
20103,56
20506,54
20917,52
21336,50
21763,49
22199,47
22643,46
23096,45
23558,43
24030,42
24511,40
25002,39
25503,38
26014,37
26535,36
27066,35
27608,34
28161,33
28725,32
29300,31
29887,30
30485,29
31095,29
31717,28
32352,27
33000,27
33661,26
34335,25
35022,24
35723,24
36438,23
37167,23
37911,22
38670,22
39444,21
40233,21
41038,20
41859,20
42697,19
43551,19
44423,18
45312,18
46219,18
47144,17
48087,17
49049,16
50030,16
51031,16
52052,15
53094,15
54156,15
55240,14
56345,14
57472,14
58622,13
59795,13
60991,13
62211,12
63456,12
64726,12
66021,12
67342,11
68689,11
70063,11
71465,10
72895,10
74353,10
75841,10
77358,9
78906,9
80485,9
82095,9
83737,9
85412,8
87121,8
88864,8
90642,8
92455,7
94305,7
96192,7
98116,7
100079,6
102081,6
104123,6
106206,6
108331,6
110498,6
112708,6
114963,6
117263,5
119609,5
122002,5
124443,5
126932,5
129471,5
132061,5
134703,4
137398,4
140146,4
142949,4
145808,4
148725,4
151700,4
154735,4
157830,3
160987,3
164207,3
167492,3
170842,3
174259,3
177745,3
181300,3
184927,3
188626,3
192399,3
196247,2
200172,2
204176,2
208260,2
212426,2
216675,2
221009,2
225430,2
229939,2
234538,2
239229,2
244014,2
248895,2
253873,2
258951,1
264131,1
269414,1
274803,1
280300,1
285907,1
291626,1
297459,1
303409,1
309478,1
315668,1
321982,1
328422,1
334991,1
341691,1
348525,1
355496,1
362606,1
369859,1
377257,1
384803,1
392500,1
400351,1
408359,1
416527,1
424858,1
433356,1
442024,1
450865,1
459883,1
469081,1
478463,1
488033,1
497794,1
507750,1
517906,1
528265,1
538831,1
549608,1
560601,1
571814,1
583251,1
594917,1
606816,1
618953,1
631333,1
643960,1
656840,1
669977,1
683377,1
697045,1
710986,1
725206,1
739711,1
754506,1
769597,1
784989,1
800689,1
816703,1
833038,1
849699,1
866693,1
884027,1
901708,1
919743,1
938138,1
956901,1
976040,1
995561,1
1015473,1
1035783,1
1056499,1
1077629,1
1099182,1
1121166,1
1143590,1
1166462,1
1189792,1
1213588,1
1237860,1
1262618,1
1287871,1
1313629,1
1339902,1
1366701,1
1394036,1
1421917,1
1450356,1
1479364,1
1508952,1
1539132,1
1569915,1
1601314,1
1633341,1
1666008,1
1699329,1
1733316,1
1767983,1
1803343,1
1839410,1
1876199,1
1913723,1
1951998,1
1991038,1
2030859,1
2071477,1
2112907,1
2155166,1
2198270,1
2242236,1
2287081,1
2332823,1
2379480,1
2427070,1
2475612,1
2525125,1
2575628,1
2627141,1
2679684,1
2733278,1
2787944,1
2843703,1
2900578,1
2958590,1
3017762,1
3078118,1
3139681,1
3202475,1
3266525,1
3331856,1
3398494,1
3466464,1
3535794,1
3606510,1
3678641,1
3752214,1
3827259,1
3903805,1
3981882,1
4061520,1
4142751,1
4225607,1
4310120,1
4396323,1
4484250,1
4568556,1
