ataque,w,sketch,mem_B,MRE_pct,MAE_J,latencia_s,dif_vs_exacto_ventanas,FP,FP_previos,FN,MAE_delta_todas,MAE_delta_ataque
ddos,256,CMS,71680,4.11,7570.0,10.0,0.0,0,0,0,338.71,228.56
ddos,256,CS,71680,0.16,292.12,10.0,0.0,0,0,0,282.96,158.78
ddos,1024,CMS,286720,0.78,1437.0,10.0,0.0,0,0,0,55.29,43.67
ddos,1024,CS,286720,0.18,340.12,10.0,0.0,0,0,0,40.35,64.78
ddos,4096,CMS,1146880,0.18,332.0,10.0,0.0,0,0,0,7.67,7.56
ddos,4096,CS,1146880,0.02,28.25,10.0,0.0,0,0,0,7.96,9.11
scan,256,CMS,71680,3.78,5417.25,10.0,-1.0,2,0,0,643.17,625.78
scan,256,CS,71680,0.68,1220.0,20.0,0.0,0,0,0,539.18,566.78
scan,1024,CMS,286720,0.54,766.0,20.0,0.0,0,0,0,161.14,45.0
scan,1024,CS,286720,0.22,350.62,20.0,0.0,0,0,0,108.46,67.11
scan,4096,CMS,1146880,0.09,132.88,20.0,0.0,0,0,0,15.9,12.22
scan,4096,CS,1146880,0.02,32.38,20.0,0.0,0,0,0,15.98,16.89
